{
  "model_path": "models/phobert_clickbait",
  "dataset_path": "clickbait_dataset_vietnamese.csv",
  "test_set_size": 683,
  "per_class_metrics": {
    "non_clickbait": {
      "precision": 0.8908296943231441,
      "recall": 0.8680851063829788,
      "f1": 0.8793103448275862,
      "support": 470
    },
    "clickbait": {
      "precision": 0.7244444444444444,
      "recall": 0.7652582159624414,
      "f1": 0.7442922374429224,
      "support": 213
    }
  },
  "weighted_metrics": {
    "precision": 0.8389408828675613,
    "recall": 0.83601756954612,
    "f1": 0.8372036729784891
  },
  "other_metrics": {
    "sensitivity": 0.7652582159624414,
    "specificity": 0.8680851063829788,
    "roc_auc": 0.877814404155429
  },
  "confusion_matrix": {
    "true_negatives": 408,
    "false_positives": 62,
    "false_negatives": 50,
    "true_positives": 163
  }
}