{
  "train_loss": [
    0.5076741516938683,
    0.34652441809749046,
    0.26840347936104614
  ],
  "val_loss": [
    0.46021259835986206,
    0.41872762455496676,
    0.44400375423043276
  ],
  "val_precision": [
    0.7867374549263388,
    0.8247661861029697,
    0.8262340809195639
  ],
  "val_recall": [
    0.7920937042459737,
    0.8243045387994143,
    0.8228404099560761
  ],
  "val_f1": [
    0.7783465672519878,
    0.8245277336194039,
    0.8242212824883325
  ]
}